,Index,Frequency (Hz),Z' (Ω),-Z'' (Ω),Z (Ω),-Phase (°),Time (s)
0,1,100000.0,52.3700360228619,1.05315474327099,52.3806243562363,1.15205553343586,670.727623306576
1,2,79433.0,52.3435731188115,0.969526486477179,52.3525513079577,1.06113169520949,672.690655301619
2,3,63096.0,52.3625898549777,0.948591663419606,52.37118141177,1.03784695328407,675.198704295287
3,4,50119.0,52.3825778328873,0.968446659803877,52.3915293664098,1.05916103937464,677.531745289397
4,5,39811.0,52.4513218267689,1.02368732583453,52.4613104784503,1.11809418359495,679.789789283696
5,6,31623.0,52.471176991781,1.1195068968644,52.4831183390901,1.22225750991532,682.13283227778
6,7,25119.0,52.563460501143,1.22779785916861,52.5777982368813,1.33809389095613,684.530877271726
7,8,19953.0,52.6294604784978,1.40142724131579,52.6481159071287,1.52532242120478,686.948920265621
8,9,15849.0,52.7712929197684,1.59679300081844,52.7954458671528,1.73316944941863,689.401968259427
9,10,12589.0,52.8701313057474,1.84658854446034,52.9023692620614,2.00034947717233,691.950014252994
10,11,10000.0,53.033274975913,2.13911342272097,53.0763983415045,2.30979076642535,694.613062246271
11,12,7943.3,53.1593866404381,2.51818570090482,53.2189970519158,2.71210121452598,697.296111239497
12,13,6309.6,53.3559575837132,2.95796200533661,53.4378868304129,3.17313081017232,700.279168231965
13,14,5011.9,53.5503966565507,3.48502784320212,53.6636786024011,3.72352426433465,703.177223224648
14,15,3981.1,53.8096323597094,4.13058261050882,53.9679372163633,4.38958090150854,706.070273217344
15,16,3162.3,54.0299066715843,4.89000961301206,54.2507420129481,5.17149976032808,709.028328209876
16,17,2511.9,54.3190793500608,5.82621956654551,54.6306435608789,6.12209229531154,712.176388201927
17,18,1995.3,54.6369903541145,6.96944039515215,55.0797041965294,7.26933535881699,715.28444419408
18,19,1584.9,54.9927761815303,8.37145354300311,55.6263127177647,8.65558403503064,718.432505186132
19,20,1258.9,55.4103849284317,10.0772266390852,56.3192795999066,10.3074600918077,721.675562177944
20,21,1000.0,55.8302349948225,12.1766853896751,57.1426881294207,12.3036497965745,724.608618170539
21,22,794.33,56.2625478084314,14.7715381761393,58.169344383319,14.7107993939124,728.031681161897
22,23,630.96,56.7778008042294,18.0186853356916,59.5683782336856,17.60706505115,731.30974315362
23,24,501.19,57.3184524646075,22.0461487010133,61.412031927666,21.0380248423418,734.562801145407
24,25,398.11,57.9880706866839,27.124812306309,64.0185268857097,25.0685658834845,737.740862137383
25,26,316.23,58.8286286047845,33.5077173489283,67.7021023710146,29.6650525803765,741.003922129145
26,27,251.19,59.8998613469844,41.4929922894551,72.8674261829024,34.7105771998109,744.331982120742
27,28,199.53,61.4090310334622,51.5277500719393,80.1634462828599,39.9997014814283,747.620045112441
28,29,158.49,63.4783181211453,64.041364898828,90.1709115490919,45.2529805095584,753.504154097585
29,30,125.89,66.5300264245464,79.6742165454214,103.798965303983,50.1372476129894,756.927217088942
30,31,100.0,70.9671591847696,98.9913105160391,121.801548596228,54.3631507911604,760.620285079618
31,32,79.433,77.6646915759441,122.655792561603,145.176608882083,57.6583281014516,764.468355069903
32,33,63.096,87.381090498377,152.048561173188,175.368811170978,60.1143625359796,768.386428060011
33,34,50.119,102.572324560197,186.968475005925,213.256400634831,61.2504930869982,772.584508049412
34,35,39.811,123.77999501341,227.22742945316,258.754307908894,61.4210783094944,776.962589038358
35,36,31.623,154.344592776602,273.444287148424,313.996865419839,60.5576091020051,780.915662028377
36,37,25.119,198.627674768376,324.527659899906,380.488048726896,58.5312167539781,784.248721019962
37,38,19.953,257.296422583727,374.97025975397,454.757237187429,55.5429347677808,789.036810007874
38,39,15.849,331.096119579141,421.263967297702,535.805907529736,51.8341125538891,792.494873999143
39,40,12.589,422.287566874116,454.54419703626,620.433087605585,47.1068302851668,795.802934990791
40,41,10.0,524.284628885427,471.037024789152,704.805115480688,41.937716151338,799.350999981833
41,42,7.9433,621.834784032311,467.368296725923,777.889210245907,36.9283629183994,809.661193955802
42,43,6.3096,716.472499329328,445.578897634163,843.725901174125,31.8777488595576,821.63941792556
43,44,5.0119,802.150542697914,412.188554242932,901.856361844521,27.1965628982199,833.687637895141
44,45,3.9811,874.720039424422,373.081746081851,950.960113059504,23.099004192607,840.541765877836
45,46,3.1623,925.487259654146,329.390201527116,982.356642286403,19.5911544679812,852.27198484822
46,47,2.5119,968.850407650649,290.000295317576,1011.32155306268,16.6637100201519,859.933125828878
47,48,1.9953,1003.74096227989,255.647903209913,1035.78558098392,14.2891476807916,863.391189820147
48,49,1.5849,1030.18056509387,227.617089064459,1055.02679394,12.4592570200857,867.049254810911
49,50,1.2589,1050.30453932857,205.699038479941,1070.25778192255,11.0809557270314,871.882346798709
50,51,1.0,1068.17839869253,189.217689668294,1084.80801320636,10.0452011941552,878.193461782775
51,52,0.79433,1085.24520641672,177.783047404583,1099.71085745069,9.30346180528905,882.311538772378
52,53,0.63096,1102.47936524836,171.382706741084,1115.72074596125,8.83602563748114,886.684617761337
53,54,0.50119,1119.68249083585,169.700539220856,1132.46949331813,8.61823320788132,891.397706749437
54,55,0.39811,1137.71980921453,171.726046914357,1150.60688311342,8.58336322273606,896.385797736843
55,56,0.31623,1154.50845798514,176.809889370416,1167.96897070873,8.70704435166574,902.113905722381
56,57,0.25119,1175.77868763488,187.112944802208,1190.57413730055,9.04220345131992,908.472022706329
57,58,0.19953,1200.61241373498,199.670222365031,1217.10244667975,9.44226939106816,915.655153688193
58,59,0.15849,1222.98215305108,213.853033240152,1241.53874949897,9.91857018689831,923.84330766752
59,60,0.12589,1252.18082414665,235.210111632624,1274.08030083462,10.6384936569065,933.316480643602
60,61,0.1,1284.51940324629,253.956694451588,1309.38309900998,11.1834742264805,944.354685615734
61,1,100000.0,52.4336785585882,1.03670244491255,52.4439262369308,1.1326868172139,963.680045566942
62,2,79433.0,52.4387221138944,0.966679827366991,52.4476314701329,1.05609746549706,965.618079562049
63,3,63096.0,52.4007600151033,0.950152207212502,52.4093735831418,1.03879688424774,967.931123556209
64,4,50119.0,52.4273181309785,0.961047972482863,52.4361259020176,1.05017437981839,970.329166550154
65,5,39811.0,52.4741099201261,1.02513967626098,52.4841225825994,1.11919394644802,972.672211544239
66,6,31623.0,52.5323996977665,1.1158161933678,52.5442486270693,1.2168099516162,975.005253538348
67,7,25119.0,52.6125153395654,1.23718748279553,52.6270596102765,1.34706655808137,977.408297532281
68,8,19953.0,52.6956332170909,1.39883131269686,52.7141962775831,1.52058734207694,979.806342526227
69,9,15849.0,52.7908163214511,1.59516242047322,52.8149110671681,1.73076075777816,982.259389520033
70,10,12589.0,52.918711946852,1.85509367955197,52.9512176127595,2.00771196825793,984.832435513537
71,11,10000.0,53.0902216978333,2.14744001766672,53.133634719964,2.31628743746186,987.500486506801
72,12,7943.3,53.2404228070504,2.51896342593466,53.2999793378448,2.708814425779,990.293536499749
73,13,6309.6,53.4106038315965,2.97051277545847,53.4931448674026,3.18331328466743,993.146589492546
74,14,5011.9,53.60600830818,3.49770544248978,53.7199969294404,3.73316525490223,996.084643485128
75,15,3981.1,53.8345675801814,4.13263999862523,53.9929567620014,4.38973250930926,999.082698477559
76,16,3162.3,54.0785936918798,4.90327891722617,54.3004276210744,5.18081344654104,1002.03075547012
77,17,2511.9,54.3767000623104,5.84732767763713,54.6901887968594,6.13764206551606,1005.07381146243
78,18,1995.3,54.7161255321359,6.99103783990401,55.1609372955847,7.28118755386206,1008.20186945453
79,19,1584.9,55.0665889394581,8.38458228954595,55.7012606463931,8.65750839718649,1011.27992744676
80,20,1258.9,55.4423977712082,10.1046152537767,56.3556804594508,10.3290325922924,1014.52298643858
81,21,1000.0,55.8505359436728,12.2118500383196,57.1700240209316,12.3337468610189,1017.49104243108
82,22,794.33,56.3256055516008,14.8211754705741,58.242948784244,14.7422763232499,1020.92410542241
83,23,630.96,56.8182833248433,18.0835956597804,59.6266194913698,17.6547492645238,1024.18716541418
84,24,501.19,57.3627586635557,22.1379184795548,61.4863685388945,21.1030185032888,1027.45522640592
85,25,398.11,58.0131821949428,27.2592396985477,64.0983264783606,25.167897338273,1030.60328239798
86,26,316.23,58.7936881442596,33.6241700851773,67.7294808744418,29.7652831400991,1033.82634238984
87,27,251.19,59.8172793915668,41.6850311862344,72.9091814438078,34.8715890820435,1037.17440638139
88,28,199.53,61.2391364051981,51.7106938494266,80.1512800025276,40.1779478872273,1040.46746737307
89,29,158.49,63.2465337475635,64.3609247097154,90.2355398973782,45.5003490904253,1046.33657735825
90,30,125.89,66.1368541921239,80.064390222054,103.847917957269,50.4417332774175,1049.8446413494
91,31,100.0,70.3524771711195,99.4715173506527,121.83617610609,54.7296615312296,1053.52270734011
92,32,79.433,76.6643350997675,123.605370846424,145.450018832489,58.1913764084054,1057.38077833037
93,33,63.096,86.4042177247049,152.866789445711,175.595968507416,60.5237559865886,1061.36385432031
94,34,50.119,100.058673872611,189.072384173873,213.916115976189,62.1118355880101,1065.6469313095
95,35,39.811,120.475254192743,230.564004769362,260.142359426704,62.4118466389614,1069.38500230006
96,36,31.623,150.233979061012,279.375887308776,317.208346160801,61.7309226113647,1073.95308528853
97,37,25.119,192.562549121384,333.239452949124,384.875133421162,59.9785133814531,1076.49113428212
98,38,19.953,250.795719511864,387.659197930661,461.712190293604,57.0991938300734,1079.45918927463
99,39,15.849,325.387838472067,439.476781833684,546.824548823857,53.4838176827581,1084.43728026206
100,40,12.589,418.87772193285,480.772174206237,637.652279398926,48.935654993104,1089.50537324926
101,41,10.0,524.576538715257,504.702233931477,727.945664116425,43.893815427912,1099.60056322378
102,42,7.9433,635.521437592548,506.673222531739,812.776261999818,38.5638111046624,1111.25378019435
103,43,6.3096,741.183612236487,492.363080446535,889.817144156443,33.5958094911222,1121.5319711684
104,44,5.0119,835.740856168882,457.257555162834,952.65274388068,28.6843214219787,1125.39004015866
105,45,3.9811,913.11584199539,413.309311812122,1002.2999192525,24.3532303234126,1131.20814714397
106,46,3.1623,976.993824377221,367.83075486211,1043.94271734308,20.6309747883597,1137.27126012867
107,47,2.5119,1025.03927234334,324.750154574824,1075.25260880527,17.5791014865557,1143.31437011341
108,48,1.9953,1063.03768274655,285.039333951829,1100.58917714053,15.0100191144837,1148.86047409941
109,49,1.5849,1096.56544430647,257.273722748232,1126.34166311284,13.2037945866683,1152.5085390902
110,50,1.2589,1118.2680035643,226.638865141536,1141.00328789549,11.4569274018676,1156.62161807981
111,51,1.0,1137.24505191445,205.681842101314,1155.69517100059,10.2516800015881,1163.1227380634
112,52,0.79433,1156.58324933471,191.465691539063,1172.32415469364,9.399738480195,1167.15581105321
113,53,0.63096,1174.38773097012,182.669751817913,1188.50947866745,8.84120558633938,1171.58389304204
114,54,0.50119,1189.96296611344,178.570884855829,1203.28692407077,8.53436510936698,1176.42198302982
115,55,0.39811,1208.19107181374,180.0056400939,1221.52678909471,8.4740344257455,1181.47507701706
116,56,0.31623,1229.39040450549,182.888817458081,1242.91958156647,8.46148395333848,1187.31818700231
117,57,0.25119,1250.09292251089,191.994578572165,1264.75066045166,8.73150241992958,1193.73130598612
118,58,0.19953,1270.73416135625,203.475494132532,1286.92174802909,9.09722422634057,1200.8694349681
119,59,0.15849,1298.60739415184,215.953129168865,1316.44100442962,9.44165362694262,1209.12759094725
120,60,0.12589,1324.70929175602,234.016940162146,1345.22066440699,10.018244011342,1218.67076492315
121,61,0.1,1354.10982156229,256.267343320972,1378.14598649934,10.7165709222508,1229.88897289483
122,1,100000.0,52.4334749565717,1.08377124341412,52.4446742399024,1.18410381110379,1249.0693318464
123,2,79433.0,52.4308491122203,1.00056314399731,52.4403953573344,1.09327025119107,1250.99736584154
124,3,63096.0,52.4276018150501,0.974537622125598,52.4366585096188,1.06490591107773,1253.35540683558
125,4,50119.0,52.4500440298485,0.992609059378946,52.4594356763186,1.08418444095798,1255.67345182973
126,5,39811.0,52.5309388071133,1.03837274567655,52.5412004993762,1.13241130501507,1257.93149482403
127,6,31623.0,52.5929863242459,1.12119987994337,52.6049360770745,1.22127105562791,1260.25453681816
128,7,25119.0,52.6268903503157,1.24613102580545,52.6416416012801,1.35643031130593,1262.63757881215
129,8,19953.0,52.7284093602098,1.40853352707072,52.7472190769783,1.53017774423581,1265.02062480613
130,9,15849.0,52.8247661349723,1.60701660273271,52.8492045311561,1.74249479800825,1267.43866780003
131,10,12589.0,52.9638505260976,1.86066306134558,52.9965237499467,2.01201978779828,1269.90671479379
132,11,10000.0,53.0894048772889,2.14899163148383,53.13288130016,2.31799485027272,1272.60976578697
133,12,7943.3,53.264259626243,2.52388799319982,53.3240223926706,2.71288944046918,1275.37281777999
134,13,6309.6,53.429551487222,2.97420731575838,53.5122685118358,3.18613636886973,1278.25087077273
135,14,5011.9,53.6198179948662,3.50023509195378,53.7339420431958,3.73489811343181,1281.17892476533
136,15,3981.1,53.8490074248263,4.14031240995401,54.0079418927533,4.39667560231616,1284.18197775775
137,16,3162.3,54.0891089867883,4.91584834215099,54.3120361974,5.19301754234591,1287.14003275028
138,17,2511.9,54.4034206187007,5.86080764580128,54.7181984469185,6.14868465138585,1290.28809274234
139,18,1995.3,54.7282459931007,7.0043541231189,55.1746489446321,7.29330906905849,1293.42115073443
140,19,1584.9,55.0623443126852,8.40434462981983,55.7000428174474,8.67826251561181,1296.36920472698
141,20,1258.9,55.4599675890606,10.1228593554599,56.3762386694081,10.3440721242109,1299.63226371874
142,21,1000.0,55.8813146238469,12.2485769426451,57.2079449133533,12.3630965950705,1302.61032071123
143,22,794.33,56.3198149337982,14.8509948113059,58.2449448541478,14.772093612819,1306.04838270254
144,23,630.96,56.8163182591285,18.1232535902598,59.6367868116605,17.6916285045106,1309.33644269424
145,24,501.19,57.3643829842593,22.1974865654859,61.5093557517042,21.1542399424942,1312.57950568606
146,25,398.11,57.9640681768114,27.303524516124,64.0727371867991,25.2224163187297,1315.87256567774
147,26,316.23,58.7602589412445,33.739047514439,67.7575926226993,29.8636408600984,1319.16562766943
148,27,251.19,59.7078722948978,41.78789715888,72.8783806278992,34.9871166312065,1322.75369466037
149,28,199.53,61.0925872657293,51.9101968987782,80.1684025092846,40.3544611110736,1326.12175465186
150,29,158.49,62.9872777663133,64.5881948991862,90.2165842888433,45.718954661537,1332.00586563701
151,30,125.89,65.7247642769808,80.3963310792214,103.842740190465,50.7336752609575,1335.52393062813
152,31,100.0,69.7875983741906,99.9908634502676,121.936383661184,55.0872803665306,1339.24699961873
153,32,79.433,75.7346578303441,124.18337299677,145.455314531763,58.6225928462383,1343.09506860901
154,33,63.096,84.5030602410953,153.51527944874,175.236149850238,61.1692503258471,1347.11814459885
155,34,50.119,98.6269843436604,190.159267199459,214.214446157489,62.5862787599185,1351.38122358809
156,35,39.811,117.791402057935,232.914423537824,261.005638043953,63.1729875901384,1355.93430857659
157,36,31.623,146.777749332243,283.46421590104,319.211010767846,62.6248824372113,1359.91238156655
158,37,25.119,187.360641287116,338.47348288901,386.869885778845,61.0334547357318,1364.31546355543
159,38,19.953,245.051355253032,398.132981726514,467.504051158696,58.3876501529187,1369.18855454313
160,39,15.849,321.343927190897,456.894557295518,558.582631334645,54.8804419856474,1374.17164553055
161,40,12.589,415.804138638941,503.42449525699,652.93897428016,50.444950689696,1377.56470952198
162,41,10.0,524.760752789636,533.142050095999,748.073721800806,45.4539196931905,1387.73989749629
163,42,7.9433,644.585685006078,545.160297325748,844.20995913046,40.2229726280061,1399.3031114671
164,43,6.3096,758.921755474258,526.671841655403,923.766994282012,34.7596362014304,1404.80621345321
165,44,5.0119,860.912890611798,496.495469073694,993.820283568548,29.9723987197914,1410.59432043859
166,45,3.9811,948.311691706,451.179963224723,1050.17066415024,25.4437877196464,1416.42742842386
167,46,3.1623,1018.80961611463,402.3740137429,1095.38937406897,21.5513060757672,1420.56550241342
168,47,2.5119,1074.7907370875,354.702137842278,1131.80772886519,18.26390883637,1426.71361639789
169,48,1.9953,1115.51696071839,312.062964214881,1158.34424213399,15.6288246006191,1433.09173538179
170,49,1.5849,1148.94033627208,276.56401074115,1181.75782136198,13.5343132565678,1445.28996235099
171,50,1.2589,1179.36435295853,246.699146037155,1204.89034591732,11.8147601193356,1451.19607233608
172,51,1.0,1199.05410742975,221.540845231743,1219.34863703952,10.4680883697598,1457.61719131987
173,52,0.79433,1219.63542182377,204.616364883777,1236.68040291156,9.52373353902382,1461.7652663094
174,53,0.63096,1237.32883037839,193.379368712521,1252.34907862353,8.88277185408702,1466.33335029786
175,54,0.50119,1256.62623332661,187.987430177265,1270.6096033752,8.50817840794414,1470.94643828622
176,55,0.39811,1274.93316074676,187.4010458822,1288.6324985695,8.3619655815272,1476.01953227341
177,56,0.31623,1291.92532222758,190.27221048373,1305.8616129955,8.37817921823802,1481.79763625882
178,57,0.25119,1313.2605472368,198.475750172512,1328.17389235568,8.59418910086519,1488.23575724257
179,58,0.19953,1339.08476435348,210.047354917237,1355.45855614672,8.91471159631154,1495.46389022432
180,59,0.15849,1361.98253802287,224.693290967913,1380.39251985991,9.36799974149401,1503.77204620334
181,60,0.12589,1389.32664883973,241.646245360839,1410.18489747736,9.86677642763982,1513.34022317918
182,61,0.1,1423.8412924056,264.628937811068,1448.22391248255,10.5286132217154,1524.4634291511
183,1,100000.0,52.4960048748129,1.10621593973864,52.5076588844114,1.20717997124397,1543.70378510252
184,2,79433.0,52.4525016381189,1.01969897909131,52.4624123931108,1.11371407653485,1545.64682009762
185,3,63096.0,52.4394780690296,0.993442793499985,52.4488873927388,1.08531345749219,1547.9898640917
186,4,50119.0,52.4737125859115,1.00261362950087,52.4832901659081,1.09461552244243,1550.37790908567
187,5,39811.0,52.5108250502031,1.05128141792043,52.5213474700783,1.14692432866218,1552.71595007977
188,6,31623.0,52.5536640457791,1.14218495403853,52.5660745263126,1.24505260336865,1555.08399607379
189,7,25119.0,52.6305731163697,1.2538629526788,52.6455069199798,1.36474797631037,1557.4970390677
190,8,19953.0,52.731377312759,1.41771934343554,52.7504320497691,1.5400654333811,1559.9500860615
191,9,15849.0,52.8188186207028,1.6145527392038,52.843489485786,1.75085819467271,1562.43313005524
192,10,12589.0,52.9409631872662,1.86626830069404,52.9738477039912,2.01894771338998,1564.97617704881
193,11,10000.0,53.1013885826497,2.1731299842881,53.1458367450751,2.34347424066307,1567.64922804207
194,12,7943.3,53.2406479311925,2.53460056830923,53.3009455091939,2.72559333208639,1570.45227803499
195,13,6309.6,53.4043710694141,2.97503507332502,53.4871730698789,3.1885208771533,1573.32533202774
196,14,5011.9,53.6180703847483,3.50469491618082,53.7324888520839,3.73976498121228,1576.25838802033
197,15,3981.1,53.8524277414281,4.1506330236124,54.0121442653634,4.40731328740741,1579.23644401281
198,16,3162.3,54.1090655358504,4.92384561329489,54.3326350252453,5.19951154460335,1582.25949700518
199,17,2511.9,54.3946686042149,5.87012131888087,54.7104953081284,6.15936403683728,1585.32755599743
200,18,1995.3,54.7104172779536,7.01379636964236,55.1581643842742,7.30538893534918,1588.50561498941
201,19,1584.9,55.0475879448599,8.42379502829271,55.688394313589,8.70033601052056,1591.6386709815
202,20,1258.9,55.4506964231491,10.1539520812813,56.3727103897019,10.3768523380633,1594.93673097317
203,21,1000.0,55.8677559557916,12.2744064913314,57.200237851344,12.3912771543084,1598.04479196532
204,22,794.33,56.3022896738673,14.8880368946633,58.2374575775499,14.8117284592716,1601.53785395651
205,23,630.96,56.7963434619677,18.1624449254705,59.6296825106469,17.7333375540725,1604.83591694818
206,24,501.19,57.3430893588658,22.234081850885,61.5027177689793,21.1931934421506,1608.12897793986
207,25,398.11,57.9241841743562,27.3551367720093,64.0586810672845,25.2793800814647,1611.28703393189
208,26,316.23,58.7061093193829,33.8041802129231,67.743116781612,29.9342187274646,1614.63009692345
209,27,251.19,59.6994901891445,41.9122135959784,72.9428733829335,35.0708939680502,1618.12816091462
210,28,199.53,60.9514083788392,52.0351609968767,80.1419500844278,40.4878988511877,1621.48622490614
211,29,158.49,62.8180607369476,64.7865543150092,90.2408243244845,45.883803680559,1627.41533689117
212,30,125.89,65.4837253509091,80.6559990249585,103.891811345011,50.9272314449396,1630.93339788229
213,31,100.0,69.3475096542219,100.277087505563,121.92034848146,55.3338598516172,1634.64646687291
214,32,79.433,75.0553617288913,124.702270624625,145.547118223591,58.9572548775581,1638.46953686326
215,33,63.096,83.3239710215944,154.484604634975,175.523152934398,61.6590201639184,1642.43261185326
216,34,50.119,96.3003055982938,190.588713861745,213.536429467664,63.1935290961756,1646.65568884259
217,35,39.811,115.532541640138,234.893957888943,261.768866809181,63.8097439005656,1650.95376883174
218,36,31.623,144.029971997788,286.368987710855,320.549262916363,63.2997802804859,1654.94684282166
219,37,25.119,183.291950581748,343.189527406809,389.069390815791,61.8940492209609,1659.01991881138
220,38,19.953,240.119824779317,405.853321689002,471.565954006485,59.3896632645883,1661.89297280412
221,39,15.849,315.157154390396,468.272225129056,564.449208335674,56.0586086589282,1666.8910657915
222,40,12.589,411.176781830889,519.966881925374,662.896601451541,51.6639358968194,1670.32412778284
223,41,10.0,523.393307489687,556.510889845448,763.966573117938,46.7565476527471,1680.12931075808
224,42,7.9433,644.653708332054,573.137806713163,862.592226460594,41.6391138851581,1691.89752972837
225,43,6.3096,768.795905835462,565.196262737814,954.198071808029,36.3222377432508,1697.42062971442
226,44,5.0119,882.152100715461,531.492181760371,1029.89138653991,31.068751023658,1703.1737376999
227,45,3.9811,976.163405998541,485.148520872255,1090.0752646103,26.4271555194945,1709.01184568516
228,46,3.1623,1056.35187467091,434.998582916637,1142.4110688628,22.3815339265782,1715.16995766961
229,47,2.5119,1115.5309569909,383.160755951049,1179.50052179133,18.9564881226572,1721.42807665381
230,48,1.9953,1161.04569719141,334.93593115646,1208.3911572609,16.0916775255182,1727.83619363763
231,49,1.5849,1198.24036273367,294.214488139194,1233.83229489065,13.7954193527376,1731.67426562794
232,50,1.2589,1226.71456391247,261.719504119265,1254.32281337437,12.0434863529363,1745.12751659398
233,51,1.0,1252.24756101382,235.529476056589,1274.20488468556,10.6520533350374,1751.41863057809
234,52,0.79433,1275.2517756072,216.452769484537,1293.49097121195,9.63319646292823,1758.05475356134
235,53,0.63096,1293.55235650782,202.738733192888,1309.34361149531,8.90751549862568,1762.5078345501
236,54,0.50119,1311.15552270799,194.845024236435,1325.55399293931,8.45261324291373,1767.37092453782
237,55,0.39811,1330.63479611931,193.000256789362,1344.55868587587,8.25284212078104,1772.52902152479
238,56,0.31623,1349.2572916399,198.206862287431,1363.73795111131,8.3570187945737,1778.27212651029
239,57,0.25119,1371.27949298791,204.397139309249,1386.42909607632,8.47784913446943,1784.67024749414
240,58,0.19953,1395.63691732341,210.365898937181,1411.40221639037,8.57172884154358,1791.90338047588
241,59,0.15849,1420.17211898665,227.421446440332,1438.26609563322,9.09790453598503,1800.25653645479
242,60,0.12589,1448.0202707903,247.155827520259,1468.96177884139,9.68620495341228,1809.86471343053
243,61,0.1,1477.74302282975,263.715557517135,1501.08971643888,10.1183919175401,1820.95791640252
244,1,100000.0,52.4416163829362,1.09036890904022,52.4529506625971,1.19112530483648,1840.24327835383
245,2,79433.0,52.4096101935336,1.02933443245681,52.4197173782154,1.12515504475268,1842.22131034884
246,3,63096.0,52.4423492865407,0.993120969554966,52.4517520007836,1.08490256882504,1844.55435334295
247,4,50119.0,52.4588072152894,1.00730946201038,52.468477458405,1.10005339594697,1846.94239933692
248,5,39811.0,52.513525725826,1.05281446886621,52.5240783114073,1.14853735054022,1849.27544333103
249,6,31623.0,52.542362010995,1.13526984987188,52.5546253276196,1.23778317236503,1851.60848332514
250,7,25119.0,52.6180231335409,1.26115557412212,52.6331347333976,1.37300976523167,1854.07153331892
251,8,19953.0,52.7404243657526,1.42251529630038,52.7596049269503,1.54500779833323,1856.52457731273
252,9,15849.0,52.8254499135758,1.61531162933783,52.850140872391,1.75146088474651,1859.03762130638
253,10,12589.0,52.9548988498418,1.87182244539411,52.9879706297954,2.02441880330762,1861.53567030007
254,11,10000.0,53.0822384557455,2.17257391309957,53.1266798970208,2.34371953043974,1864.27371929316
255,12,7943.3,53.2536605862095,2.53505261037354,53.3139649394844,2.72541358503637,1866.99677128629
256,13,6309.6,53.4020253223458,2.97355000889304,53.4847483698283,3.18707222869057,1869.89482427897
257,14,5011.9,53.6257625243668,3.51261618831361,53.7406817858332,3.74765737542882,1872.86287927148
258,15,3981.1,53.8381348501672,4.15130642940249,53.9979454166137,4.40919114335456,1875.84593226394
259,16,3162.3,54.0726830771775,4.92994184651743,54.2969555479396,5.2093972305243,1878.90899125621
260,17,2511.9,54.4002121981909,5.8785321029709,54.7169098807111,6.16749756036597,1882.05204724828
261,18,1995.3,54.7137899956483,7.03103404249656,55.1637041486034,7.32270206533134,1885.2501072402
262,19,1584.9,55.0702622449606,8.42421820700276,55.7108717947218,8.69723877988252,1888.20316423275
263,20,1258.9,55.4200613753633,10.1633128101279,56.344264394218,10.391826684923,1891.57622622423
264,21,1000.0,55.852715241599,12.2694729163283,57.1844888540911,12.3896829467958,1894.61928021655
265,22,794.33,56.2784823269863,14.9119070176249,58.2205508727906,14.8404283769144,1898.16734620759
266,23,630.96,56.7770371617248,18.1839995793903,59.6178646847331,17.7587197890764,1901.50040819917
267,24,501.19,57.3215067669289,22.2887509432736,61.5023865930612,21.2479475040396,1904.79347019086
268,25,398.11,57.9141071812428,27.4130867991607,64.0743407180971,25.3300850013462,1907.99152918278
269,26,316.23,58.6580996861493,33.8896835405327,67.744249270825,30.0171496212075,1911.35459317429
270,27,251.19,59.5866645470229,41.9646668027488,72.8807508997071,35.1556090623118,1914.83265716551
271,28,199.53,60.8586916655835,52.139330015619,80.1391919457902,40.5875811410404,1918.30072115676
272,29,158.49,62.6687834476715,64.9372788656741,90.2453688855527,46.0184588518735,1924.25983114171
273,30,125.89,65.1698162024214,80.7978753935111,103.804631938863,51.1111042509819,1927.80289713277
274,31,100.0,68.9224813147716,100.599955968959,121.945313856423,55.5843944638986,1931.5909671232
275,32,79.433,74.5361726779395,125.109713533204,145.629946981505,59.214931978831,1935.40403511357
276,33,63.096,83.0652041791118,155.175155629604,176.008968720317,61.8398729990175,1939.46711310332
277,34,50.119,95.1035649136412,192.465450779302,214.680315359753,63.7044946864047,1943.78019409243
278,35,39.811,113.749095389578,236.408059570349,262.350199793644,64.305199236024,1948.12827108145
279,36,31.623,140.610437801639,288.39925544877,320.851095934194,64.0082301352898,1952.08634707146
280,37,25.119,180.311788796391,347.458135470721,391.458167731552,62.5731535748065,1956.21442106103
281,38,19.953,236.020713013045,412.114834893842,474.915165172439,60.1999663237511,1961.23751604835
282,39,15.849,310.80486617503,476.707937443933,569.078309602577,56.8963841026045,1966.24560803571
283,40,12.589,407.928892035773,533.822145172854,671.842290745739,52.6141565494142,1978.20683000551
284,41,10.0,521.440290266416,576.776745389495,777.54188976236,47.8845538468603,1988.0720129806
285,42,7.9433,648.741370391534,596.280955376637,881.144904883618,42.5872051928491,1993.67011396647
286,43,6.3096,778.670546182646,591.731054548647,977.994611646524,37.2321025339967,1999.48822395178
287,44,5.0119,898.960061234074,563.265802126019,1060.84756470411,32.0702250802087,2005.49633693661
288,45,3.9811,1002.7249942974,517.234911867706,1128.26830507797,27.2860087377453,2011.34944492183
289,46,3.1623,1087.51653740668,462.624886491808,1181.82655442098,23.0446938501988,2017.44755490643
290,47,2.5119,1152.58849104744,407.762615081701,1222.59174704939,19.4827546928733,2023.77067389047
291,48,1.9953,1204.17448772515,357.28134626013,1256.05977456233,16.5257441725233,2030.2537918741
292,49,1.5849,1245.06988813778,313.187281225844,1283.85563809529,14.1193624449052,2034.10186486439
293,50,1.2589,1271.15823377353,273.98931233724,1300.35125968535,12.1636161543638,2038.00493685453
294,51,1.0,1299.01326293475,248.359215519103,1322.54215706481,10.8237960805267,2044.92106583707
295,52,0.79433,1321.62233190342,227.099086247032,1340.99201457729,9.75011938929315,2052.00419681919
296,53,0.63096,1341.03559860017,212.121536759851,1357.70837187898,8.98842790971097,2056.56228180768
297,54,0.50119,1359.96155319857,203.544253216807,1375.10933717863,8.51222403020614,2061.40037179546
298,55,0.39811,1379.71427776257,199.920532553804,1394.12327561034,8.24477285865053,2066.64346778223
299,56,0.31623,1399.5458739017,203.122886369311,1414.20916420531,8.25795455495805,2072.45657276755
300,57,0.25119,1420.89042290987,207.610316259537,1435.97758942623,8.31282466054208,2078.92969375121
301,58,0.19953,1444.16567536955,215.25149078706,1460.11907124098,8.4774705050621,2086.23782973276
302,59,0.15849,1468.53860440183,227.560263587277,1486.06504103367,8.80832427507748,2094.44598071203
303,60,0.12589,1501.03667451035,247.36001595578,1521.28172135168,9.35782690374516,2104.03915768781
304,61,0.1,1525.85387355264,266.276437115257,1548.91354968519,9.89899080926684,2115.26236765948
305,1,100000.0,52.4500643002636,1.13240620978977,52.4622873016966,1.23683390879816,2134.53272461082
306,2,79433.0,52.4263080846789,1.03339854239472,52.4364919873278,1.12923664770512,2136.52576060579
307,3,63096.0,52.4386521071596,1.00902201116466,52.4483589851458,1.10234658661472,2138.87380259986
308,4,50119.0,52.4939543584117,1.01002773595133,52.5036703498946,1.10228286981052,2141.25184859386
309,5,39811.0,52.5129368105,1.07120320362695,52.5238613276578,1.16860559296611,2143.61989158788
310,6,31623.0,52.5782919865434,1.14389636361436,52.5907338521997,1.24633367936264,2146.01293558184
311,7,25119.0,52.6196138313688,1.26431587998409,52.6348007919357,1.37640744818416,2148.46598057564
312,8,19953.0,52.7172978273682,1.42020834538811,52.7364246224917,1.54317976113944,2150.93402656941
313,9,15849.0,52.8270380701157,1.62474152070045,52.8520173339726,1.76162623749796,2153.45207256306
314,10,12589.0,52.9382807991276,1.86457712286868,52.9711074248444,2.01722181554386,2156.00012255662
315,11,10000.0,53.0724014927438,2.17317055223856,53.1168755712919,2.34479649441641,2158.79317154957
316,12,7943.3,53.2449986645526,2.5436361924612,53.3057217179152,2.73507193207708,2161.52122454268
317,13,6309.6,53.4151882737711,2.97734585578584,53.4981020847224,3.19034748473087,2164.44927653529
318,14,5011.9,53.6309009350217,3.51393099047041,53.7458951558899,3.74869798045693,2167.47233252766
319,15,3981.1,53.8777435372374,4.15411221802797,54.0376525858063,4.40892862486648,2170.52039151996
320,16,3162.3,54.1181131114554,4.93133897229799,54.3423248564504,5.20651516036684,2173.55844451229
321,17,2511.9,54.3935473101786,5.88847887036962,54.7113532312209,6.1786037662476,2176.72150550431
322,18,1995.3,54.7263693409673,7.03849052035287,55.1771315859122,7.32871680427766,2179.93956449618
323,19,1584.9,55.0393709110169,8.44836319682432,55.6839940286789,8.72660336286884,2183.07262148827
324,20,1258.9,55.4317872163361,10.1581112460193,56.3548601105856,10.3844746105998,2186.35568347998
325,21,1000.0,55.8479785272862,12.2990080333576,57.1862072897723,12.4196037470241,2189.43374147221
326,22,794.33,56.2745989898631,14.9308668780988,58.2216564278397,14.8594431516327,2192.98680646324
327,23,630.96,56.7654161299512,18.2111597562633,59.615088761778,17.7869860824924,2196.32486845481
328,24,501.19,57.3001335203502,22.3161240730225,61.4923954249019,21.2789358623198,2199.66292844639
329,25,398.11,57.8965559746367,27.4663191088282,64.0812755733859,25.3798185311875,2202.96599143805
330,26,316.23,58.6252723921118,33.9417702170997,67.7419096905284,30.0691852672118,2206.33405542954
331,27,251.19,59.5560010316257,42.0375357598287,72.8976794667559,35.2163123435835,2209.8371164207
332,28,199.53,60.7892940590991,52.2303261092352,80.1457749209568,40.6692609533235,2213.24018141211
333,29,158.49,62.5562736330112,65.0582580196469,90.2544420369387,46.1231854275167,2219.26929539688
334,30,125.89,65.0533587601348,80.9995646182639,103.888733529306,51.2309307683714,2222.85235838784
335,31,100.0,68.6671673231333,100.833030151915,121.993769667964,55.7451857970394,2226.66543137821
336,32,79.433,74.0992904127863,125.561961918532,145.796128619759,59.4533931656358,2230.53850236843
337,33,63.096,82.0237729257498,156.098069088339,176.336344801867,62.279731306257,2234.60157735817
338,34,50.119,94.4731074450125,193.144781909561,215.011801557981,63.9353080837853,2238.78465534761
339,35,39.811,112.250277287059,237.64055151326,262.817724810463,64.7161414652364,2243.13273333663
340,36,31.623,138.978731221001,290.270505033204,321.826123588546,64.4153479390452,2247.2258123263
341,37,25.119,177.265447224511,350.954560425864,393.182072662802,63.201880530365,2251.64389231515
342,38,19.953,232.096852578639,417.399911510369,477.589400118736,60.9235812782116,2256.14697730378
343,39,15.849,308.009479516902,485.822696837258,575.233458896907,57.6254801690426,2261.14506829116
344,40,12.589,402.79123008975,546.94987450315,679.260583470162,53.6308909774556,2273.16129126082
345,41,10.0,519.395997920981,593.904750237752,788.983558137493,48.8288668438777,2283.06647623581
346,42,7.9433,650.999657000248,618.914238534578,898.251294502422,43.5526829505215,2288.86458022117
347,43,6.3096,785.387860979488,617.064074749444,998.80036269533,38.1560363330994,2294.38268220724
348,44,5.0119,913.16196955347,591.354703129111,1087.91781286625,32.9266964375118,2300.54579619168
349,45,3.9811,1023.57083112328,544.46436994289,1159.36995668497,28.0096915663673,2306.60390917639
350,46,3.1623,1114.91669700927,489.73304813724,1217.73465899097,23.7137363573179,2312.97702616029
351,47,2.5119,1186.56764589738,431.484822459236,1262.58541505244,19.9833486959653,2319.32514414427
352,48,1.9953,1242.59884630895,379.671416776742,1299.30838432052,16.9903356090637,2325.80326412791
353,49,1.5849,1282.21671253937,330.34328926357,1324.08700117355,14.4471931259792,2329.65633711818
354,50,1.2589,1313.89414600303,293.790880638827,1346.33981908268,12.6041840495747,2333.86941310755
355,51,1.0,1342.99472194001,261.04321915974,1368.12952070629,10.9996501557965,2340.70554209029
356,52,0.79433,1366.34480863333,237.374704157357,1386.81104922518,9.85561145787015,2344.8186190799
357,53,0.63096,1387.36661139536,221.164967161839,1404.88435720324,9.05750873446513,2349.25170106871
358,54,0.50119,1407.04705634709,211.99060541281,1422.92706614158,8.5679400583875,2353.86978405705
359,55,0.39811,1426.03681052808,207.138761688959,1441.00223857395,8.26468780692131,2359.1178830438
360,56,0.31623,1447.0969454428,207.162173627668,1461.8501071218,8.14694309338192,2365.01099002892
361,57,0.25119,1465.46497851324,211.695885466663,1480.67645053614,8.21988371073041,2371.29910701305
362,58,0.19953,1492.42193421897,221.545806286655,1508.77625048286,8.44373279758886,2378.30723799535
363,59,0.15849,1514.42037071333,235.365536561246,1532.60105540622,8.83402140736846,2386.62038997436
364,60,0.12589,1542.27171824336,250.983587893912,1562.56033940627,9.2430762408598,2396.15356895029
365,61,0.1,1576.38138214374,274.825326149801,1600.1584989815,9.88951444726338,2407.41177492187
366,1,100000.0,58.3649294266983,1.71573216790999,58.3901423517316,1.68381784609478,865.412217815044
367,2,79433.0,58.3764419051049,1.67623189586007,58.4005027621234,1.64474962199258,867.440255809924
368,3,63096.0,58.4120700103274,1.69828072355989,58.4367528213829,1.66535639761112,869.758296804071
369,4,50119.0,58.5058023893331,1.76389609792978,58.5323862717384,1.72689191932699,872.116339798118
370,5,39811.0,58.6202461105797,1.88761109394816,58.650629405889,1.84432511087612,874.389383792379
371,6,31623.0,58.7818812283932,2.07610665765034,58.8185326202794,2.02277849477011,876.677425786602
372,7,25119.0,58.9174555107481,2.31143065734289,58.9627787298452,2.24665743053203,879.005466780725
373,8,19953.0,59.1727487259414,2.59660697208273,59.2296932251963,2.51263021971485,881.368511774758
374,9,15849.0,59.4119395636401,2.9420700954995,59.4847403891154,2.83496237661017,883.771554768691
375,10,12589.0,59.6756751886451,3.32103709857218,59.7680139926932,3.18530680897939,886.199601762561
376,11,10000.0,60.0189067682176,3.81379328183735,60.1399550120266,3.63586876332307,888.692649756267
377,12,7943.3,60.4234063785016,4.38797686630939,60.5825253630188,4.15355575428701,891.215693749897
378,13,6309.6,60.8525718066791,5.0263157275077,61.0598013858515,4.72181224616802,893.793743743388
379,14,5011.9,61.377448349291,5.77537647382841,61.6485696450804,5.37547981876143,896.401791736803
380,15,3981.1,61.9378027909241,6.67356872011412,62.2962914949958,6.1496833772349,899.054838730105
381,16,3162.3,62.533445772128,7.69588817274702,63.0052262507096,7.01601803679413,901.722889723369
382,17,2511.9,63.2566660827674,8.87926002686765,63.8768116183914,7.99033179953917,904.480938716405
383,18,1995.3,64.0630633778854,10.2773096367248,64.8821946509832,9.11401186370229,907.273990709353
384,19,1584.9,64.9581344561463,11.880207037567,66.035585492053,10.3642925540729,910.367047701544
385,20,1258.9,65.9226862935416,13.8260671490769,67.3569647547118,11.845046905609,913.505105693621
386,21,1000.0,66.9155938615816,16.0917552355921,68.8232612450932,13.5216481548362,916.503163686052
387,22,794.33,67.9985647059364,18.8082752809765,70.5517967249056,15.4613442584651,919.651223678104
388,23,630.96,69.0801717519538,22.1291883766219,72.5380666097977,17.7623756508206,922.724278670345
389,24,501.19,70.2063391221931,26.2268161509334,74.9451528676487,20.4840609796938,925.84733666246
390,25,398.11,71.2833472523385,31.3116358751433,77.857139278778,23.7137694239755,929.340402653641
391,26,316.23,72.36088089716,37.7138226313962,81.5992003740563,27.5281094932434,932.758465645011
392,27,251.19,73.4895803562551,45.783376832928,86.5842711764924,31.9225513965088,938.627574630193
393,28,199.53,74.7063289518989,56.0148061749072,93.3739476314552,36.8625634387905,942.105635621412
394,29,158.49,76.1518161509957,68.926629937801,102.713092727644,42.1489153188666,945.803705612075
395,30,125.89,77.6914930427017,85.2597166835444,115.348113899458,47.6591756051155,949.65177560236
396,31,100.0,79.9901844131768,105.656357595422,132.520547473913,52.8714098627441,953.624850592329
397,32,79.433,83.0282131501625,131.183326931022,155.250602071619,57.6695675841373,957.682926582083
398,33,63.096,86.9177839643136,163.522948554601,185.187623434337,62.0078975943807,961.866004571522
399,34,50.119,93.4540880180864,203.896818104753,224.293510830196,65.3761148143883,966.339085560228
400,35,39.811,102.005259192922,253.28293429541,273.051859009069,68.0637536520534,970.712165549187
401,36,31.623,114.840890668078,315.018727571602,335.298715909066,69.9705425123778,975.240249537755
402,37,25.119,133.963100226197,391.679567591758,413.955306634764,71.118174211168,979.753334526361
403,38,19.953,163.306172616011,486.377953141336,513.061808475788,71.4400178391657,984.676427513931
404,39,15.849,206.238072713039,597.820847627536,632.395373555574,70.9664323724806,996.122639485032
405,40,12.589,270.611137630514,737.137606951119,785.240243104811,69.8412712480367,1000.72072347342
406,41,10.0,363.575242786954,890.307252831852,961.682879962305,67.7863427985252,1011.7389264456
407,42,7.9433,498.246821350638,1060.0457929954,1171.30140366741,64.8253554932065,1017.03702543223
408,43,6.3096,678.766568186266,1242.12506581902,1415.4853348669,61.3453413320768,1022.30512241893
409,44,5.0119,924.288062836116,1418.76928969796,1693.2851858123,56.9168942160125,1027.99322840457
410,45,3.9811,1226.46791596508,1557.18356665164,1982.18167914589,51.7753472870033,1033.73133339008
411,46,3.1623,1572.48324001171,1644.34383214379,2275.20772203925,46.2797156543024,1039.49943937552
412,47,2.5119,1942.40429664672,1655.55309476128,2552.21286361566,40.4416711531448,1045.50755136035
413,48,1.9953,2288.2637074178,1587.28572181158,2784.89259350381,34.7476452845283,1051.72066534466
414,49,1.5849,2597.73378537114,1471.43495251291,2985.52200446343,29.5285272229197,1057.82878132924
415,50,1.2589,2857.02943739448,1327.35468850664,3150.31548820736,24.9192314864349,1064.24689631303
416,51,1.0,3053.59174682086,1160.38969490388,3266.63845570513,20.8071981386803,1075.57611128443
417,52,0.79433,3206.59379624417,1003.22130012282,3359.86558527745,17.3729176856626,1082.33923226736
418,53,0.63096,3322.79503995074,862.14828504957,3432.82195036899,14.545488374349,1089.66736724885
419,54,0.50119,3408.23137320187,740.996606793728,3487.85278711091,12.2660056309097,1096.28049023216
420,55,0.39811,3476.59815365241,641.448813760135,3535.27810824745,10.4537780549367,1104.50864421138
421,56,0.31623,3531.33483450085,563.606061263951,3576.02817461673,9.06800873223432,1113.28680618922
422,57,0.25119,3579.36313570418,500.456324519957,3614.17998859908,7.95933455741975,1120.54993917088
423,58,0.19953,3624.08512583472,458.75352868546,3653.00531061451,7.2143954858809,1130.95813214461
424,59,0.15849,3660.00373783638,421.710534610895,3684.21866017451,6.57271239823424,1139.14128612394
425,60,0.12589,3701.15567053694,407.917220916878,3723.56680572114,6.2893830893977,1148.70946309979
426,61,0.1,3741.97870966244,393.699559706258,3762.63258994017,6.00608415156418,1159.87767007159
427,1,100000.0,58.3027271967414,1.7186065136997,58.3280516297825,1.68843550281733,1181.5790720168
428,2,79433.0,58.3232487591154,1.66683370957807,58.3470623119368,1.63702383168965,1183.50710501193
429,3,63096.0,58.3430307569172,1.68963449765656,58.3674918309692,1.65884208250883,1185.82015000609
430,4,50119.0,58.4312684520472,1.77438648681552,58.4582037041834,1.73937048610097,1188.18819500011
431,5,39811.0,58.5797470428074,1.88450639399019,58.6100514242079,1.84256579654969,1190.42623599446
432,6,31623.0,58.7022292215769,2.08980727870761,58.7394161534203,2.0388764336032,1192.73427598864
433,7,25119.0,58.8382705826277,2.31564006292255,58.883820138095,2.25377061724657,1195.08731998269
434,8,19953.0,59.1052085343788,2.59174200554281,59.1620047202231,2.51079078027126,1197.48536497664
435,9,15849.0,59.3202230506755,2.94723755737256,59.3933924944642,2.84431725878328,1199.93340897046
436,10,12589.0,59.6538831405207,3.33764064791352,59.7471808442667,3.20236572584006,1202.43645596414
437,11,10000.0,59.9452259547775,3.8234794719054,60.0670384657127,3.64954639419323,1204.93950495782
438,12,7943.3,60.3320419319364,4.38234341598106,60.4909928625124,4.15450184316051,1207.51254995132
439,13,6309.6,60.7635717130419,5.01986072706743,60.9705719921106,4.72265162049169,1210.17059894461
440,14,5011.9,61.2673557013231,5.76963319436791,61.5384232965876,5.37975868221901,1212.84364893786
441,15,3981.1,61.8060352093436,6.67277777455032,62.1651988778862,6.16196865749889,1215.52669993109
442,16,3162.3,62.4707712064725,7.68082050376722,62.9411809449308,7.00937339504974,1218.23974892424
443,17,2511.9,63.1867756535767,8.88747086953896,63.8087435697674,8.00635654158021,1221.03280391719
444,18,1995.3,63.9482428851496,10.2603309600274,64.7661343566789,9.11527089827234,1223.85585491006
445,19,1584.9,64.8368715363136,11.8947757900531,65.91893204317,10.3957109940605,1226.98391190216
446,20,1258.9,65.8175511090466,13.796618647479,67.2480239122007,11.8388776953728,1230.22197189399
447,21,1000.0,66.8583451048884,16.1018762231758,68.7699696675142,13.5409988731488,1233.24002688637
448,22,794.33,67.9294441321378,18.8293711902487,70.4908121638657,15.4928481937416,1236.43308887831
449,23,630.96,68.9817269128972,22.1548492206131,72.4521634726916,17.8054511128504,1239.56114587041
450,24,501.19,70.1042794901052,26.2649328011922,74.862919378541,20.5387232544923,1242.71920486244
451,25,398.11,71.1949771552946,31.3561808352693,77.7941826148783,23.7699820175337,1246.3372698533
452,26,316.23,72.2228297955094,37.765819019331,81.5008848410371,27.605380330335,1249.83033784448
453,27,251.19,73.4423631410613,45.8322836310879,86.5700810129228,31.9665490342427,1255.91944982911
454,28,199.53,74.5684248896816,56.0909901128299,93.3094269748007,36.9507896395275,1259.51251282004
455,29,158.49,75.9535212494367,69.0390044459428,102.641714351795,42.2697026307247,1263.31558281043
456,30,125.89,77.5247486330718,85.1170871022187,115.130383337274,47.6727033582348,1267.29365880039
457,31,100.0,79.7702081702664,105.809415010468,132.5100691132,52.9871903529535,1271.22672979046
458,32,79.433,82.6354301425225,131.445526979772,155.262812282367,57.8437909062035,1275.30980778015
459,33,63.096,86.8907170739989,163.469101262198,185.127371777122,62.0074727144873,1279.55288376944
460,34,50.119,92.7965133441624,203.54044080717,223.696007860691,65.491192171233,1284.10096775796
461,35,39.811,100.935522621067,254.092115134382,273.405893682364,68.3350502494117,1288.55405274671
462,36,31.623,113.100611907259,316.645100704,336.237814966792,70.3440775773658,1293.12213673518
463,37,25.119,132.128437972576,393.176955646414,414.784332602444,71.4249042495853,1297.55521872399
464,38,19.953,160.110789975542,488.411396068168,513.98556096047,71.8498462787056,1302.54331271139
465,39,15.849,202.406150017378,601.026007404399,634.192802814199,71.3881364420094,1314.12952868214
466,40,12.589,264.702154045161,739.152797367072,785.120429113722,70.2967614285301,1318.74260967049
467,41,10.0,354.213240978167,898.94754880243,966.216184703069,68.4940201083959,1329.78081564263
468,42,7.9433,484.637174436077,1078.45907365729,1182.348157016,65.8018365837139,1335.00391262944
469,43,6.3096,666.155165219391,1264.72778569576,1429.44012678369,62.2234065663004,1340.35700961592
470,44,5.0119,910.420150605654,1453.78000800219,1715.32538088133,57.943415083792,1346.09011560145
471,45,3.9811,1218.29118449678,1606.09479156563,2015.88042545107,52.818136555821,1351.86822458686
472,46,3.1623,1571.36296164563,1705.07188658218,2318.71768347176,47.3369024067029,1357.65633157225
473,47,2.5119,1953.2751706236,1737.77599843701,2614.41184837401,41.6586233170575,1363.82944355666
474,48,1.9953,2326.34726944998,1691.24513713277,2876.14355204197,36.0170014331741,1370.13756054074
475,49,1.5849,2665.97069286082,1581.79409287383,3099.914883903,30.6818272636785,1376.48568052471
476,50,1.2589,2953.81433116503,1415.85804294814,3275.61797234916,25.6098960232438,1382.94879750839
477,51,1.0,3152.04701566628,1242.45209464047,3388.08022284703,21.5130241367824,1394.10800948022
478,52,0.79433,3320.3321076802,1073.08376367774,3489.42890300989,17.9100892842322,1401.05113546269
479,53,0.63096,3447.52715726926,923.109934283184,3568.97400535243,14.9898867029682,1408.47427044394
480,54,0.50119,3540.35136700591,792.1310183701,3627.88634774088,12.6118482729766,1416.23741742434
481,55,0.39811,3615.3438035668,685.487719289165,3679.75600159646,10.7361292144895,1424.49056740351
482,56,0.31623,3673.9115086844,595.93302891909,3721.92986884497,9.21351246708244,1433.44873338089
483,57,0.25119,3723.71044378149,530.249076901065,3761.27419270143,8.10432225928024,1443.12191235647
484,58,0.19953,3766.67560062714,481.706121063467,3797.35248132562,7.2877854310071,1453.58010933006
485,59,0.15849,3804.2326625884,441.112295883921,3829.72142703414,6.61408231123236,1465.17332330079
486,60,0.12589,3850.76804697084,418.463466350493,3873.4385530484,6.20200269067568,1474.77650027655
487,61,0.1,3883.11676322948,407.023796518884,3904.39037082697,5.98382626742361,1485.93970424836
488,1,100000.0,58.1704973602018,1.72421581386025,58.1960452548625,1.69779144659635,1507.65610919353
489,2,79433.0,58.1627238401491,1.65644821891373,58.1863065094133,1.63131708421191,1509.58914318865
490,3,63096.0,58.2077990709683,1.68771108749245,58.2322611736919,1.66080215705916,1511.89218818284
491,4,50119.0,58.2871753569735,1.760427737528,58.3137540972422,1.72995905059415,1514.29022917678
492,5,39811.0,58.4015211900402,1.90989329714948,58.432742274492,1.8730649071116,1516.57327217102
493,6,31623.0,58.5658830412982,2.06883010059575,58.6024121891936,2.02312267028528,1518.92631616508
494,7,25119.0,58.7265704599034,2.29037739843475,58.7712166507489,2.23344361128383,1521.30435915908
495,8,19953.0,58.9751556793305,2.5918895820138,59.0320834716734,2.51646360058434,1523.73240615295
496,9,15849.0,59.2247185401136,2.93212166561943,59.297256459449,2.83430876409168,1526.27045314654
497,10,12589.0,59.4649629758093,3.33675628207417,59.558507068263,3.21166893447839,1528.77850014021
498,11,10000.0,59.8234337008291,3.82881870401223,59.9458344876913,3.66204903220159,1531.35154613371
499,12,7943.3,60.2241291509252,4.38189197798774,60.383331386187,4.16149273884079,1533.91959712723
500,13,6309.6,60.6400573463289,5.04181118417571,60.8492926415989,4.75282541058269,1536.56764312054
501,14,5011.9,61.1622569313404,5.77500439411909,61.4342929371486,5.39393589601362,1539.2356951138
502,15,3981.1,61.7239681179747,6.64803835424066,62.0809524265553,6.14739809639914,1541.93874410698
503,16,3162.3,62.3536706101214,7.6924380400514,62.8263785487875,7.03292109894547,1544.66679410009
504,17,2511.9,63.0263577398095,8.86317773928407,63.6465057138613,8.00481459861262,1547.50484509293
505,18,1995.3,63.8211875710968,10.2819658586837,64.6441242875504,9.15204452475858,1550.35289908574
506,19,1584.9,64.7223509857801,11.911094544691,65.8092462377369,10.4276768539292,1553.4559560779
507,20,1258.9,65.6695546207085,13.8149169416898,67.1069469890265,11.8800922810572,1556.70901706969
508,21,1000.0,66.6984760742215,16.0959529953497,68.6131650155566,13.5674478549826,1559.74207206203
509,22,794.33,67.7431287990949,18.8278536921499,70.3108780640931,15.5322122430121,1562.99513505382
510,23,630.96,68.8125297616106,22.1572183159397,72.2918154128997,17.8482445109006,1566.09819204598
511,24,501.19,69.8955717577958,26.2554239716301,74.6641697153276,20.5880801275692,1569.27125003797
512,25,398.11,71.004528205248,31.3637446003879,77.6229830720787,23.831752811795,1572.83931602896
513,26,316.23,72.065954162395,37.7845119275699,81.370578779686,27.668229797677,1576.28237802027
514,27,251.19,73.1891275856044,45.9180894184715,86.4009220586484,32.1037279652952,1582.38149600487
515,28,199.53,74.4007860118568,56.147931769928,93.2098020662129,37.0407060770693,1585.87455699605
516,29,158.49,75.7030420051862,69.0561558498231,102.46805955806,42.3710049553871,1589.65262498651
517,30,125.89,77.3480672083118,85.1749368101848,115.054306140537,47.7571505558524,1593.65070197642
518,31,100.0,79.406224940076,105.8894561309,132.355300154288,53.1338658138383,1597.64877296632
519,32,79.433,82.2391190244905,131.581927303998,155.167897101685,57.9944870148863,1601.95685595545
520,33,63.096,86.1371034376974,164.141754599109,185.37021387351,62.3107397926956,1606.30993594446
521,34,50.119,92.268744242633,204.558955531733,224.405631507648,65.7216798190914,1611.1630259322
522,35,39.811,100.100216962044,254.584988443667,273.55725136927,68.5357547522319,1615.69110792077
523,36,31.623,112.019975269104,317.421591396839,336.607993880408,70.5617588264424,1620.37419390895
524,37,25.119,130.669167973345,394.298313148846,415.386074888015,71.6649728837338,1624.92727989745
525,38,19.953,157.729519020166,490.194439201383,514.945812095108,72.1634189034058,1630.06537388448
526,39,15.849,198.911040059744,605.58883482845,637.419358606663,71.816773884801,1641.79159285487
527,40,12.589,261.908789353867,746.274968488113,790.899830909542,70.6612319493544,1646.53968184289
528,41,10.0,347.89570263703,905.768869431396,970.282775660963,68.9887753109737,1659.90392780915
529,42,7.9433,477.069757781741,1085.47584850317,1185.68687749912,66.2743730488583,1669.20609978566
530,43,6.3096,654.56017879981,1284.04355128931,1441.25531023414,62.9891146868159,1674.41419677251
531,44,5.0119,899.640744280881,1476.96475233039,1729.3866971839,58.6537972065822,1680.05230075828
532,45,3.9811,1204.49917030216,1646.64061123188,2040.15772768104,53.8149477369383,1685.79040674379
533,46,3.1623,1564.45661382567,1757.29755939308,2352.78966522547,48.3225169964259,1691.648516729
534,47,2.5119,1965.7373399229,1801.29221307206,2666.2289711203,42.5004089027449,1697.81162971344
535,48,1.9953,2351.20376536895,1748.25880922094,2929.94334592049,36.6329809540334,1703.95974169792
536,49,1.5849,2713.48805639491,1619.0897818469,3159.82106358554,30.8237717329055,1710.43286368157
537,50,1.2589,2999.42365813713,1483.984689705,3346.45377082541,26.3242082979857,1716.65597666586
538,51,1.0,3230.37356416536,1307.55301679032,3484.96890312896,22.0365448398033,1728.22019563666
539,52,0.79433,3411.52177906957,1131.12383013884,3594.15107753888,18.3434511550343,1735.30832261877
540,53,0.63096,3541.56135032286,971.013925568941,3672.264266328,15.3323917896837,1742.70646160009
541,54,0.50119,3642.93040293812,834.407291936266,3737.26871518323,12.9009691175385,1750.61960658011
542,55,0.39811,3720.38195155018,719.333203943811,3789.28517318456,10.9430666416986,1758.88775955924
543,56,0.31623,3781.64880876802,625.125174116436,3832.96871839187,9.38639215988333,1766.91090753898
544,57,0.25119,3828.22393583312,554.303178095546,3868.14561723476,8.23881706093822,1773.2790275229
545,58,0.19953,3874.45915764096,499.320990947078,3906.50165957065,7.34351749177461,1781.30717550263
546,59,0.15849,3925.07175188457,457.661735665414,3951.66326016457,6.65063310763835,1789.64032848159
547,60,0.12589,3955.02911326548,431.624529077071,3978.51165901001,6.22821714476921,1799.00850145794
548,61,0.1,4004.00617014132,409.967928595034,4024.93964091466,5.84610986213383,1810.20170842968
549,1,100000.0,58.0485242976353,1.7057100268397,58.0735793612622,1.68310691150882,1831.98811437467
550,2,79433.0,58.0693054533632,1.67444037775259,58.0934418537467,1.6516779264189,1834.02114936954
551,3,63096.0,58.0875498400156,1.69271262366247,58.1122080327585,1.6691675034818,1836.38919636356
552,4,50119.0,58.1737735145954,1.7570480404103,58.200301912823,1.73000366576057,1838.77223835755
553,5,39811.0,58.3425213081781,1.89169053255458,58.3731812193422,1.85710049671005,1841.08028235172
554,6,31623.0,58.4784256419339,2.06518852969728,58.5148807503048,2.02258235808692,1843.41832534582
555,7,25119.0,58.637979808479,2.30623438435231,58.6833144348132,2.25228474760381,1845.83136833972
556,8,19953.0,58.8789093989168,2.5846314506534,58.9356114055124,2.51352247801095,1848.29441633351
557,9,15849.0,59.0888607748408,2.95149033363188,59.1625283676927,2.85954925512048,1850.77746032724
558,10,12589.0,59.3907512460297,3.32983294521945,59.4840240821924,3.20901551213996,1853.30050732087
559,11,10000.0,59.6987948258709,3.80204527520638,59.8197429945679,3.64408256747215,1855.92855831423
560,12,7943.3,60.1298868862672,4.36491528909829,60.2881064757909,4.15190072537914,1858.55160530761
561,13,6309.6,60.5807997626622,5.03061667970394,60.7893115939134,4.74693828516912,1861.15465230104
562,14,5011.9,61.0455042054672,5.79064743184368,61.3195334406552,5.41874264369611,1863.81770229431
563,15,3981.1,61.5855266536458,6.65945536158565,61.944535182047,6.17161020372322,1866.49075128756
564,16,3162.3,62.2270856035572,7.67196822213395,62.6982398406356,7.0285193601466,1869.18880128075
565,17,2511.9,62.9143860558991,8.86686060204648,63.5361408154983,8.02216466158482,1871.98685527369
566,18,1995.3,63.7437359051329,10.261790802223,64.5644501069429,9.14530088376554,1874.77490526665
567,19,1584.9,64.616401688599,11.8807192756962,65.699549904777,10.4183477959198,1877.82296325895
568,20,1258.9,65.5452284072871,13.804815763866,66.9832061433141,11.8935297977943,1880.98602025097
569,21,1000.0,66.5996379695165,16.0941562224245,68.5166668934097,13.5853764735367,1883.97407724342
570,22,794.33,67.6609365345544,18.8222450072631,70.2301875253544,15.5457595598644,1887.12213323547
571,23,630.96,68.7170821257469,22.1476027276932,72.1980171643264,17.8641969829876,1890.11519022792
572,24,501.19,69.7727541260012,26.2650091165966,74.5525849466155,20.628167654365,1893.16324722022
573,25,398.11,70.8498846410162,31.3520025450883,77.4767979283639,23.870018043897,1896.68131021134
574,26,316.23,71.9465362342215,37.7664819502442,81.2564534975547,27.6960705620657,1900.23437920237
575,27,251.19,73.0597435202506,45.8901160343988,86.2764676658438,32.1336559039468,1907.508515184
576,28,199.53,74.2624153528422,56.1926630999329,93.1263749981744,37.1139555855401,1911.71659117338
577,29,158.49,75.5706859527151,69.1342124046855,102.42298521416,42.4531625870192,1916.17467216212
578,30,125.89,77.2103832264229,85.5762335023814,115.259424857255,47.9419285663614,1920.69275715072
579,31,100.0,79.2197005355593,106.099761404137,132.411934216514,53.2530334032638,1925.46584313867
580,32,79.433,82.0062845507419,131.849271508538,155.271572102396,58.119629401045,1930.26393412655
581,33,63.096,86.1202403239683,164.406575047227,185.596922690592,62.3533380901985,1935.42202911353
582,34,50.119,91.3710333668646,205.006157832383,224.446408943705,65.9775162995313,1940.08011410177
583,35,39.811,99.5573269989063,255.058932160288,273.800511748816,68.6777728660298,1944.71820209006
584,36,31.623,111.526637585717,317.995404025018,336.985560331908,70.6733250637809,1949.3762860783
585,37,25.119,128.648588710057,395.230388334897,415.641094263359,71.9697873320785,1953.82937006706
586,38,19.953,155.421603558778,491.355650042208,515.350608499867,72.4472209816785,1958.94746505413
587,39,15.849,195.372196013681,605.894354787543,636.614690482887,72.1279498350326,1970.89868602396
588,40,12.589,256.159134127036,747.971414882906,790.619212692589,71.095112893657,1975.66677501192
589,41,10.0,341.452677918951,910.601272860175,972.514580555271,69.4452124847434,1986.81998098376
590,42,7.9433,473.251362965152,1097.84642069743,1195.50559011095,66.6804563798733,1992.20808097016
591,43,6.3096,641.82236460246,1295.07717668017,1445.39297122332,63.637619917118,1997.51117795677
592,44,5.0119,887.312359903361,1501.28743399115,1743.89999240123,59.415456344131,2003.30428394214
593,45,3.9811,1198.96607577527,1678.28306856381,2062.5599892095,54.4579718173093,2009.31739592696
594,46,3.1623,1567.15734041105,1799.01408640526,2385.88218751236,48.9402225106035,2015.24050591201
595,47,2.5119,1957.97009971936,1855.08157638615,2697.21607707695,43.4543487616822,2021.31861889666
596,48,1.9953,2380.69679008342,1823.825979009,2999.00957117873,37.4553337427711,2027.65173688067
597,49,1.5849,2758.05564291344,1717.04735714392,3248.86481037324,31.9046251472956,2034.01485286461
598,50,1.2589,3069.55639211994,1577.92342785893,3451.3792588747,27.205695227246,2040.74297984762
599,51,1.0,3304.43510411118,1373.55613775227,3578.53990069123,22.5712140236398,2052.29219581846
600,52,0.79433,3496.26652501008,1190.63431656597,3693.43873506663,18.8059931193169,2059.23532080093
601,53,0.63096,3638.19135502863,1020.62557811296,3778.63902834121,15.670456525362,2065.56843978494
602,54,0.50119,3745.81871875391,874.602007649752,3846.56815168433,13.1424013522213,2073.71658776437
603,55,0.39811,3825.66234613934,753.327036729586,3899.12733966668,11.1398259053382,2082.28474974274
604,56,0.31623,3892.15359114188,653.166678748536,3946.5790613221,9.52639718019096,2091.76792371879
605,57,0.25119,3944.05384465029,576.362743609266,3985.94464860233,8.31404627283225,2101.78111069351
606,58,0.19953,3988.99894834851,517.210260680167,4022.38972051172,7.38770725906657,2109.9442586729
607,59,0.15849,4031.68294086563,473.41093021273,4059.38237229653,6.69715482602801,2120.53245664617
608,60,0.12589,4099.30546906076,433.780288075123,4122.19245875226,6.04044561489284,2130.16063362186
609,61,0.1,4144.57248661866,440.28918678092,4167.89343251871,6.06394312803317,2141.54384659312
